pressure,pressure_unit,loading_absolute_dev,loading_absolute_unit,loading_absolute_average,enthalpy_of_adsorption_dev,enthalpy_of_adsorption_unit,enthalpy_of_adsorption_average
0.2,bar,0.0020867112095876,mol/kg,0.02308501138284,0.15076865963267,kJ/mol,-5.7416721957547
0.8,bar,0.0038462271239798,mol/kg,0.08850877781944,0.10084503587671,kJ/mol,-5.851326066532
1.4,bar,0.0072828822487912,mol/kg,0.15415982284912,0.092443291511811,kJ/mol,-5.8452333441421
2.0,bar,0.0088547715675032,mol/kg,0.21971346276748,0.048824382862322,kJ/mol,-5.8722611059839
2.6,bar,0.0094559370666812,mol/kg,0.28838406624808,0.083151754757926,kJ/mol,-5.8517748788174
3.2,bar,0.014026058360576,mol/kg,0.37182777827888,0.078157574850548,kJ/mol,-5.8813109342912
3.8,bar,0.0162225434585,mol/kg,0.4173809020062,0.057483633068103,kJ/mol,-5.9182795806208
4.4,bar,0.018628495650848,mol/kg,0.49358416742888,0.069004589558754,kJ/mol,-5.9099950944934
5.0,bar,0.021185188811575,mol/kg,0.55592343867368,0.070987453543189,kJ/mol,-5.9618783933219
5.6,bar,0.030304597111655,mol/kg,0.62475638400648,0.094487199953439,kJ/mol,-5.9401617154307
6.2,bar,0.023966776396706,mol/kg,0.69164122711288,0.10862025558521,kJ/mol,-5.9948489685964
6.8,bar,0.018552459759875,mol/kg,0.75492208110044,0.074925893592078,kJ/mol,-5.9773358110299
7.4,bar,0.034124768481996,mol/kg,0.82200173442948,0.075768776034521,kJ/mol,-5.9695901823352
8.0,bar,0.019941430169342,mol/kg,0.8948282893264,0.059714424683844,kJ/mol,-6.0275989623606
8.6,bar,0.0098316421203529,mol/kg,0.96564180525604,0.066929127900693,kJ/mol,-6.0550053627996
9.2,bar,0.013503746308855,mol/kg,1.0200587941135,0.089494175750168,kJ/mol,-6.1021030488971
9.8,bar,0.030507252082214,mol/kg,1.1041194051826,0.080414457110075,kJ/mol,-6.0709025300774
10.2,bar,0.041278282716618,mol/kg,1.1323019507246,0.099980735493419,kJ/mol,-6.0870709968156
